{"cameraMode":{"drawMode":0,"name":"Shaded","section":"Shading Mode"},"sceneLighting":true,"audioPlay":false,"sceneViewState":{"showFog":true,"showMaterialUpdate":false,"showSkybox":true,"showFlares":true,"showImageEffects":true,"showParticleSystems":true,"showVisualEffectGraphs":true,"m_FxEnabled":true},"in2DMode":false,"pivot":{"x":-0.045662276446819308,"y":0.04707629233598709,"z":-0.006223347038030624},"rotation":{"x":0.3694968521595001,"y":-0.04318629950284958,"z":0.017193671315908433,"w":0.9280632734298706},"size":0.34228435158729555,"orthographic":false}