{"cameraMode":{"drawMode":0,"name":"Shaded","section":"Shading Mode"},"sceneLighting":true,"audioPlay":false,"sceneViewState":{"showFog":true,"showMaterialUpdate":false,"showSkybox":true,"showFlares":true,"showImageEffects":true,"showParticleSystems":true,"showVisualEffectGraphs":true,"m_FxEnabled":true},"in2DMode":false,"pivot":{"x":0.09682150185108185,"y":1.0123865604400635,"z":0.04255992919206619},"rotation":{"x":0.05035681650042534,"y":0.028459925204515458,"z":-0.0014342162758111954,"w":0.9983382821083069},"size":1.9057166576385499,"orthographic":false}