{"cameraMode":{"drawMode":0,"name":"Shaded","section":"Shading Mode"},"sceneLighting":true,"audioPlay":false,"sceneViewState":{"showFog":true,"showMaterialUpdate":false,"showSkybox":true,"showFlares":true,"showImageEffects":true,"showParticleSystems":true,"showVisualEffectGraphs":true,"m_FxEnabled":true},"in2DMode":false,"pivot":{"x":629.4570922851563,"y":264.260986328125,"z":-103.42127227783203},"rotation":{"x":0.08778488636016846,"y":-0.002988426247611642,"z":0.00026291809626854956,"w":0.9961351156234741},"size":417.9236145019531,"orthographic":false}