{"cameraMode":{"drawMode":0,"name":"Shaded","section":"Shading Mode"},"sceneLighting":true,"audioPlay":false,"sceneViewState":{"showFog":true,"showMaterialUpdate":false,"showSkybox":true,"showFlares":true,"showImageEffects":true,"showParticleSystems":true,"showVisualEffectGraphs":true,"m_FxEnabled":true},"in2DMode":false,"pivot":{"x":-0.2871600091457367,"y":0.04864499717950821,"z":-0.03315799683332443},"rotation":{"x":0.05035681650042534,"y":0.028459925204515458,"z":-0.0014342162758111954,"w":0.9983382821083069},"size":-0.794283390045166,"orthographic":false}