{"cameraMode":{"drawMode":0,"name":"Shaded","section":"Shading Mode"},"sceneLighting":true,"audioPlay":false,"sceneViewState":{"showFog":true,"showMaterialUpdate":false,"showSkybox":true,"showFlares":true,"showImageEffects":true,"showParticleSystems":true,"showVisualEffectGraphs":true,"m_FxEnabled":true},"in2DMode":false,"pivot":{"x":-0.02919430285692215,"y":-0.4117087721824646,"z":0.5798320770263672},"rotation":{"x":0.31124186515808108,"y":-0.0014247839571908117,"z":0.00046713397023268044,"w":0.9503300786018372},"size":0.794283390045166,"orthographic":false}